{
  "timestamp": "2026-03-17T18:51:31.343940",
  "config": {
    "max_length": 256,
    "cv_k": 5,
    "cv_seed": 7,
    "eval_strategy": "epoch",
    "save_strategy": "epoch",
    "load_best_model_at_end": true,
    "metric_for_best_model": "macro_f1",
    "greater_is_better": true,
    "early_stopping_patience": 3,
    "fp16": true,
    "seed": 42,
    "report_to": "none",
    "optim": "adamw_torch_fused",
    "learning_rate": 2.601816814673036e-05,
    "per_device_train_batch_size": 8,
    "weight_decay": 0.01603254157402771,
    "warmup_ratio": 0.05638483428904486,
    "num_train_epochs": 30,
    "model_name": "roberta-base",
    "finetune_method": "frozen",
    "output_dir": "results/roberta-frozen"
  },
  "cv_summary": {
    "mean_macro_f1": 0.253411306042885,
    "std_macro_f1": 0.0,
    "per_fold_f1": [
      0.253411306042885,
      0.253411306042885,
      0.253411306042885,
      0.253411306042885,
      0.253411306042885
    ]
  },
  "fold_results": [
    {
      "fold": 0,
      "macro_f1": 0.253411306042885,
      "eval_loss": 1.0471237897872925,
      "classification_report": {
        "downplays": {
          "precision": 0.0,
          "recall": 0.0,
          "f1-score": 0.0,
          "support": 18.0
        },
        "same": {
          "precision": 0.6132075471698113,
          "recall": 1.0,
          "f1-score": 0.7602339181286549,
          "support": 65.0
        },
        "exaggerates": {
          "precision": 0.0,
          "recall": 0.0,
          "f1-score": 0.0,
          "support": 23.0
        },
        "accuracy": 0.6132075471698113,
        "macro avg": {
          "precision": 0.20440251572327042,
          "recall": 0.3333333333333333,
          "f1-score": 0.253411306042885,
          "support": 106.0
        },
        "weighted avg": {
          "precision": 0.3760234959060164,
          "recall": 0.6132075471698113,
          "f1-score": 0.46618117621096766,
          "support": 106.0
        }
      },
      "total_params": 124647939,
      "trainable_params": 592899,
      "peak_gpu_memory_mb": 544.1,
      "total_training_steps": 212,
      "epochs_completed": 4.0,
      "total_parameter_updates": 125694588
    },
    {
      "fold": 1,
      "macro_f1": 0.253411306042885,
      "eval_loss": 1.052195429801941,
      "classification_report": {
        "downplays": {
          "precision": 0.0,
          "recall": 0.0,
          "f1-score": 0.0,
          "support": 18.0
        },
        "same": {
          "precision": 0.6132075471698113,
          "recall": 1.0,
          "f1-score": 0.7602339181286549,
          "support": 65.0
        },
        "exaggerates": {
          "precision": 0.0,
          "recall": 0.0,
          "f1-score": 0.0,
          "support": 23.0
        },
        "accuracy": 0.6132075471698113,
        "macro avg": {
          "precision": 0.20440251572327042,
          "recall": 0.3333333333333333,
          "f1-score": 0.253411306042885,
          "support": 106.0
        },
        "weighted avg": {
          "precision": 0.3760234959060164,
          "recall": 0.6132075471698113,
          "f1-score": 0.46618117621096766,
          "support": 106.0
        }
      },
      "total_params": 124647939,
      "trainable_params": 592899,
      "peak_gpu_memory_mb": 1027.6,
      "total_training_steps": 212,
      "epochs_completed": 4.0,
      "total_parameter_updates": 125694588
    },
    {
      "fold": 2,
      "macro_f1": 0.253411306042885,
      "eval_loss": 1.0482983589172363,
      "classification_report": {
        "downplays": {
          "precision": 0.0,
          "recall": 0.0,
          "f1-score": 0.0,
          "support": 18.0
        },
        "same": {
          "precision": 0.6132075471698113,
          "recall": 1.0,
          "f1-score": 0.7602339181286549,
          "support": 65.0
        },
        "exaggerates": {
          "precision": 0.0,
          "recall": 0.0,
          "f1-score": 0.0,
          "support": 23.0
        },
        "accuracy": 0.6132075471698113,
        "macro avg": {
          "precision": 0.20440251572327042,
          "recall": 0.3333333333333333,
          "f1-score": 0.253411306042885,
          "support": 106.0
        },
        "weighted avg": {
          "precision": 0.3760234959060164,
          "recall": 0.6132075471698113,
          "f1-score": 0.46618117621096766,
          "support": 106.0
        }
      },
      "total_params": 124647939,
      "trainable_params": 592899,
      "peak_gpu_memory_mb": 1510.4,
      "total_training_steps": 212,
      "epochs_completed": 4.0,
      "total_parameter_updates": 125694588
    },
    {
      "fold": 3,
      "macro_f1": 0.253411306042885,
      "eval_loss": 1.0484826564788818,
      "classification_report": {
        "downplays": {
          "precision": 0.0,
          "recall": 0.0,
          "f1-score": 0.0,
          "support": 18.0
        },
        "same": {
          "precision": 0.6132075471698113,
          "recall": 1.0,
          "f1-score": 0.7602339181286549,
          "support": 65.0
        },
        "exaggerates": {
          "precision": 0.0,
          "recall": 0.0,
          "f1-score": 0.0,
          "support": 23.0
        },
        "accuracy": 0.6132075471698113,
        "macro avg": {
          "precision": 0.20440251572327042,
          "recall": 0.3333333333333333,
          "f1-score": 0.253411306042885,
          "support": 106.0
        },
        "weighted avg": {
          "precision": 0.3760234959060164,
          "recall": 0.6132075471698113,
          "f1-score": 0.46618117621096766,
          "support": 106.0
        }
      },
      "total_params": 124647939,
      "trainable_params": 592899,
      "peak_gpu_memory_mb": 1943.0,
      "total_training_steps": 212,
      "epochs_completed": 4.0,
      "total_parameter_updates": 125694588
    },
    {
      "fold": 4,
      "macro_f1": 0.253411306042885,
      "eval_loss": 1.0501731634140015,
      "classification_report": {
        "downplays": {
          "precision": 0.0,
          "recall": 0.0,
          "f1-score": 0.0,
          "support": 18.0
        },
        "same": {
          "precision": 0.6132075471698113,
          "recall": 1.0,
          "f1-score": 0.7602339181286549,
          "support": 65.0
        },
        "exaggerates": {
          "precision": 0.0,
          "recall": 0.0,
          "f1-score": 0.0,
          "support": 23.0
        },
        "accuracy": 0.6132075471698113,
        "macro avg": {
          "precision": 0.20440251572327042,
          "recall": 0.3333333333333333,
          "f1-score": 0.253411306042885,
          "support": 106.0
        },
        "weighted avg": {
          "precision": 0.3760234959060164,
          "recall": 0.6132075471698113,
          "f1-score": 0.46618117621096766,
          "support": 106.0
        }
      },
      "total_params": 124647939,
      "trainable_params": 592899,
      "peak_gpu_memory_mb": 1943.8,
      "total_training_steps": 212,
      "epochs_completed": 4.0,
      "total_parameter_updates": 125694588
    }
  ],
  "test_results": {
    "macro_f1": 0.2523364485981308,
    "classification_report": {
      "downplays": {
        "precision": 0.0,
        "recall": 0.0,
        "f1-score": 0.0,
        "support": 23.0
      },
      "same": {
        "precision": 0.6090225563909775,
        "recall": 1.0,
        "f1-score": 0.7570093457943925,
        "support": 81.0
      },
      "exaggerates": {
        "precision": 0.0,
        "recall": 0.0,
        "f1-score": 0.0,
        "support": 29.0
      },
      "accuracy": 0.6090225563909775,
      "macro avg": {
        "precision": 0.2030075187969925,
        "recall": 0.3333333333333333,
        "f1-score": 0.2523364485981308,
        "support": 133.0
      },
      "weighted avg": {
        "precision": 0.3709084741930013,
        "recall": 0.6090225563909775,
        "f1-score": 0.4610357669875623,
        "support": 133.0
      }
    }
  }
}