{
  "timestamp": "2026-03-12T19:22:51.980206",
  "config": {
    "max_length": 256,
    "cv_k": 5,
    "cv_seed": 7,
    "eval_strategy": "epoch",
    "save_strategy": "epoch",
    "load_best_model_at_end": true,
    "metric_for_best_model": "macro_f1",
    "greater_is_better": true,
    "early_stopping_patience": 50,
    "fp16": true,
    "seed": 42,
    "report_to": "none",
    "optim": "adamw_torch_fused",
    "learning_rate": 0.0005,
    "per_device_train_batch_size": 8,
    "weight_decay": 0.0,
    "warmup_ratio": 0.06,
    "num_train_epochs": 30,
    "model_name": "roberta-base",
    "finetune_method": "lora",
    "output_dir": "results/roberta_lora",
    "task_type": "SEQ_CLS",
    "r": 2,
    "lora_alpha": 4,
    "lora_dropout": 0.05,
    "bias": "none",
    "target_modules": [
      "query",
      "value"
    ],
    "lr_scheduler_type": "linear"
  },
  "cv_summary": {
    "mean_macro_f1": 0.5013719768301999,
    "std_macro_f1": 0.048633567011957445,
    "per_fold_f1": [
      0.4226091763405196,
      0.4766719902936661,
      0.5521403660938544,
      0.5505957139050665,
      0.5048426375178927
    ]
  },
  "fold_results": [
    {
      "fold": 0,
      "macro_f1": 0.4226091763405196,
      "eval_loss": 4.876678943634033,
      "classification_report": {
        "downplays": {
          "precision": 0.2777777777777778,
          "recall": 0.2777777777777778,
          "f1-score": 0.2777777777777778,
          "support": 18.0
        },
        "same": {
          "precision": 0.6376811594202898,
          "recall": 0.676923076923077,
          "f1-score": 0.6567164179104478,
          "support": 65.0
        },
        "exaggerates": {
          "precision": 0.3684210526315789,
          "recall": 0.30434782608695654,
          "f1-score": 0.3333333333333333,
          "support": 23.0
        },
        "accuracy": 0.5283018867924528,
        "macro avg": {
          "precision": 0.42795999660988215,
          "recall": 0.41968289359593713,
          "f1-score": 0.4226091763405196,
          "support": 106.0
        },
        "weighted avg": {
          "precision": 0.518141128045709,
          "recall": 0.5283018867924528,
          "f1-score": 0.5222003191589223,
          "support": 106.0
        }
      },
      "total_params": 125314566,
      "trainable_params": 666627,
      "peak_gpu_memory_mb": 1284.8,
      "total_training_steps": 1590,
      "epochs_completed": 30.0,
      "total_parameter_updates": 1059936930
    },
    {
      "fold": 1,
      "macro_f1": 0.4766719902936661,
      "eval_loss": 3.3506336212158203,
      "classification_report": {
        "downplays": {
          "precision": 0.35714285714285715,
          "recall": 0.2777777777777778,
          "f1-score": 0.3125,
          "support": 18.0
        },
        "same": {
          "precision": 0.7580645161290323,
          "recall": 0.7230769230769231,
          "f1-score": 0.7401574803149606,
          "support": 65.0
        },
        "exaggerates": {
          "precision": 0.3333333333333333,
          "recall": 0.43478260869565216,
          "f1-score": 0.37735849056603776,
          "support": 23.0
        },
        "accuracy": 0.5849056603773585,
        "macro avg": {
          "precision": 0.4828469022017409,
          "recall": 0.47854576985011765,
          "f1-score": 0.4766719902936661,
          "support": 106.0
        },
        "weighted avg": {
          "precision": 0.5978248268266527,
          "recall": 0.5849056603773585,
          "f1-score": 0.5888158632404841,
          "support": 106.0
        }
      },
      "total_params": 125314566,
      "trainable_params": 666627,
      "peak_gpu_memory_mb": 1786.2,
      "total_training_steps": 1590,
      "epochs_completed": 30.0,
      "total_parameter_updates": 1059936930
    },
    {
      "fold": 2,
      "macro_f1": 0.5521403660938544,
      "eval_loss": 3.2386224269866943,
      "classification_report": {
        "downplays": {
          "precision": 0.5238095238095238,
          "recall": 0.6111111111111112,
          "f1-score": 0.5641025641025641,
          "support": 18.0
        },
        "same": {
          "precision": 0.734375,
          "recall": 0.7230769230769231,
          "f1-score": 0.7286821705426356,
          "support": 65.0
        },
        "exaggerates": {
          "precision": 0.38095238095238093,
          "recall": 0.34782608695652173,
          "f1-score": 0.36363636363636365,
          "support": 23.0
        },
        "accuracy": 0.6226415094339622,
        "macro avg": {
          "precision": 0.5463789682539683,
          "recall": 0.560671373714852,
          "f1-score": 0.5521403660938544,
          "support": 106.0
        },
        "weighted avg": {
          "precision": 0.6219325584007188,
          "recall": 0.6226415094339622,
          "f1-score": 0.6215266377618286,
          "support": 106.0
        }
      },
      "total_params": 125314566,
      "trainable_params": 666627,
      "peak_gpu_memory_mb": 1797.2,
      "total_training_steps": 1590,
      "epochs_completed": 30.0,
      "total_parameter_updates": 1059936930
    },
    {
      "fold": 3,
      "macro_f1": 0.5505957139050665,
      "eval_loss": 1.9118250608444214,
      "classification_report": {
        "downplays": {
          "precision": 0.5,
          "recall": 0.2777777777777778,
          "f1-score": 0.35714285714285715,
          "support": 18.0
        },
        "same": {
          "precision": 0.7567567567567568,
          "recall": 0.8615384615384616,
          "f1-score": 0.8057553956834532,
          "support": 65.0
        },
        "exaggerates": {
          "precision": 0.5,
          "recall": 0.4782608695652174,
          "f1-score": 0.4888888888888889,
          "support": 23.0
        },
        "accuracy": 0.6792452830188679,
        "macro avg": {
          "precision": 0.5855855855855856,
          "recall": 0.5391923696271522,
          "f1-score": 0.5505957139050665,
          "support": 106.0
        },
        "weighted avg": {
          "precision": 0.6574451810300868,
          "recall": 0.6792452830188679,
          "f1-score": 0.6608218546456636,
          "support": 106.0
        }
      },
      "total_params": 125314566,
      "trainable_params": 666627,
      "peak_gpu_memory_mb": 1797.2,
      "total_training_steps": 1590,
      "epochs_completed": 30.0,
      "total_parameter_updates": 1059936930
    },
    {
      "fold": 4,
      "macro_f1": 0.5048426375178927,
      "eval_loss": 1.1679478883743286,
      "classification_report": {
        "downplays": {
          "precision": 0.4166666666666667,
          "recall": 0.2777777777777778,
          "f1-score": 0.3333333333333333,
          "support": 18.0
        },
        "same": {
          "precision": 0.7162162162162162,
          "recall": 0.8153846153846154,
          "f1-score": 0.762589928057554,
          "support": 65.0
        },
        "exaggerates": {
          "precision": 0.45,
          "recall": 0.391304347826087,
          "f1-score": 0.4186046511627907,
          "support": 23.0
        },
        "accuracy": 0.6320754716981132,
        "macro avg": {
          "precision": 0.5276276276276276,
          "recall": 0.49482224699616006,
          "f1-score": 0.5048426375178927,
          "support": 106.0
        },
        "weighted avg": {
          "precision": 0.6075854156042836,
          "recall": 0.6320754716981132,
          "f1-score": 0.6150589839668414,
          "support": 106.0
        }
      },
      "total_params": 125314566,
      "trainable_params": 666627,
      "peak_gpu_memory_mb": 2302.5,
      "total_training_steps": 1590,
      "epochs_completed": 30.0,
      "total_parameter_updates": 1059936930
    }
  ],
  "test_results": {
    "macro_f1": 0.34244023949906305,
    "classification_report": {
      "downplays": {
        "precision": 0.25,
        "recall": 0.17391304347826086,
        "f1-score": 0.20512820512820512,
        "support": 23.0
      },