{
  "timestamp": "2026-03-19T17:49:54.584324",
  "config": {
    "max_length": 256,
    "cv_k": 5,
    "cv_seed": 7,
    "eval_strategy": "epoch",
    "save_strategy": "epoch",
    "load_best_model_at_end": true,
    "metric_for_best_model": "macro_f1",
    "greater_is_better": true,
    "early_stopping_patience": 50,
    "fp16": true,
    "seed": 42,
    "report_to": "none",
    "optim": "adamw_torch_fused",
    "learning_rate": 0.0005,
    "per_device_train_batch_size": 8,
    "weight_decay": 0.0,
    "warmup_ratio": 0.06,
    "num_train_epochs": 30,
    "model_name": "roberta-base",
    "finetune_method": "lora",
    "output_dir": "results/roberta_lora",
    "task_type": "SEQ_CLS",
    "r": 2,
    "lora_alpha": 4,
    "lora_dropout": 0.05,
    "bias": "none",
    "target_modules": [
      "query",
      "key",
      "value",
      "dense"
    ],
    "lr_scheduler_type": "linear"
  },
  "cv_summary": {
    "mean_macro_f1": 0.49588192366662803,
    "std_macro_f1": 0.037166844627533356,
    "per_fold_f1": [
      0.4352049277422411,
      0.48413025242126134,
      0.5465110835918582,
      0.49482026028290255,
      0.5187430942948769
    ]
  },
  "fold_results": [
    {
      "fold": 0,
      "macro_f1": 0.4352049277422411,
      "eval_loss": 4.554420471191406,
      "classification_report": {
        "downplays": {
          "precision": 0.3333333333333333,
          "recall": 0.3333333333333333,
          "f1-score": 0.3333333333333333,
          "support": 18.0
        },
        "same": {
          "precision": 0.6666666666666666,
          "recall": 0.7076923076923077,
          "f1-score": 0.6865671641791045,
          "support": 65.0
        },
        "exaggerates": {
          "precision": 0.3157894736842105,
          "recall": 0.2608695652173913,
          "f1-score": 0.2857142857142857,
          "support": 23.0
        },
        "accuracy": 0.5471698113207547,
        "macro avg": {
          "precision": 0.4385964912280702,
          "recall": 0.4339650687476775,
          "f1-score": 0.4352049277422411,
          "support": 106.0
        },
        "weighted avg": {
          "precision": 0.5339291625289638,
          "recall": 0.5471698113207547,
          "f1-score": 0.5396065494629279,
          "support": 106.0
        }
      },
      "total_params": 125572614,
      "trainable_params": 924675,
      "peak_gpu_memory_mb": 1732.1,
      "total_training_steps": 1590,
      "epochs_completed": 30.0,
      "total_parameter_updates": 1470233250
    },
    {
      "fold": 1,
      "macro_f1": 0.48413025242126134,
      "eval_loss": 3.5707757472991943,
      "classification_report": {
        "downplays": {
          "precision": 0.3076923076923077,
          "recall": 0.2222222222222222,
          "f1-score": 0.25806451612903225,
          "support": 18.0
        },
        "same": {
          "precision": 0.7368421052631579,
          "recall": 0.8615384615384616,
          "f1-score": 0.7943262411347518,
          "support": 65.0
        },
        "exaggerates": {
          "precision": 0.47058823529411764,
          "recall": 0.34782608695652173,
          "f1-score": 0.4,
          "support": 23.0
        },
        "accuracy": 0.6415094339622641,
        "macro avg": {
          "precision": 0.505040882749861,
          "recall": 0.47719559023906855,
          "f1-score": 0.48413025242126134,
          "support": 106.0
        },
        "weighted avg": {
          "precision": 0.6061955452106745,
          "recall": 0.6415094339622641,
          "f1-score": 0.6177015751328438,
          "support": 106.0
        }
      },
      "total_params": 125572614,
      "trainable_params": 924675,
      "peak_gpu_memory_mb": 2241.0,
      "total_training_steps": 1590,
      "epochs_completed": 30.0,
      "total_parameter_updates": 1470233250
    },
    {
      "fold": 2,
      "macro_f1": 0.5465110835918582,
      "eval_loss": 1.3875398635864258,
      "classification_report": {
        "downplays": {
          "precision": 0.45454545454545453,
          "recall": 0.2777777777777778,
          "f1-score": 0.3448275862068966,
          "support": 18.0
        },
        "same": {
          "precision": 0.7283950617283951,
          "recall": 0.9076923076923077,
          "f1-score": 0.8082191780821918,
          "support": 65.0
        },
        "exaggerates": {
          "precision": 0.6428571428571429,
          "recall": 0.391304347826087,
          "f1-score": 0.4864864864864865,
          "support": 23.0
        },
        "accuracy": 0.6886792452830188,
        "macro avg": {
          "precision": 0.6085992197103308,
          "recall": 0.5255914777653908,
          "f1-score": 0.5465110835918582,
          "support": 106.0
        },
        "weighted avg": {
          "precision": 0.6633321837724354,
          "recall": 0.6886792452830188,
          "f1-score": 0.6597201161910925,
          "support": 106.0
        }
      },
      "total_params": 125572614,
      "trainable_params": 924675,
      "peak_gpu_memory_mb": 2254.0,
      "total_training_steps": 1590,
      "epochs_completed": 30.0,
      "total_parameter_updates": 1470233250
    },
    {
      "fold": 3,
      "macro_f1": 0.49482026028290255,
      "eval_loss": 3.8445029258728027,
      "classification_report": {
        "downplays": {
          "precision": 0.4,
          "recall": 0.2222222222222222,
          "f1-score": 0.2857142857142857,
          "support": 18.0
        },
        "same": {
          "precision": 0.7236842105263158,
          "recall": 0.8461538461538461,
          "f1-score": 0.7801418439716312,
          "support": 65.0
        },
        "exaggerates": {
          "precision": 0.45,
          "recall": 0.391304347826087,
          "f1-score": 0.4186046511627907,
          "support": 23.0
        },
        "accuracy": 0.6415094339622641,
        "macro avg": {
          "precision": 0.5245614035087719,
          "recall": 0.48656013873405174,
          "f1-score": 0.49482026028290255,
          "support": 106.0
        },
        "weighted avg": {
          "precision": 0.6093346573982126,
          "recall": 0.6415094339622641,
          "f1-score": 0.6177356979033712,
          "support": 106.0
        }
      },
      "total_params": 125572614,
      "trainable_params": 924675,
      "peak_gpu_memory_mb": 2255.5,
      "total_training_steps": 1590,
      "epochs_completed": 30.0,
      "total_parameter_updates": 1470233250
    },
    {
      "fold": 4,
      "macro_f1": 0.5187430942948769,
      "eval_loss": 1.6179605722427368,
      "classification_report": {
        "downplays": {
          "precision": 0.6153846153846154,
          "recall": 0.4444444444444444,
          "f1-score": 0.5161290322580645,
          "support": 18.0
        },
        "same": {
          "precision": 0.6911764705882353,
          "recall": 0.7230769230769231,
          "f1-score": 0.706766917293233,
          "support": 65.0
        },
        "exaggerates": {
          "precision": 0.32,
          "recall": 0.34782608695652173,
          "f1-score": 0.3333333333333333,
          "support": 23.0
        },
        "accuracy": 0.5943396226415094,
        "macro avg": {
          "precision": 0.5421870286576169,
          "recall": 0.5051158181592964,
          "f1-score": 0.5187430942948769,
          "support": 106.0
        },
        "weighted avg": {
          "precision": 0.597767864765645,
          "recall": 0.5943396226415094,
          "f1-score": 0.5933664044469054,
          "support": 106.0
        }
      },
      "total_params": 125572614,
      "trainable_params": 924675,
      "peak_gpu_memory_mb": 2762.4,
      "total_training_steps": 1590,
      "epochs_completed": 30.0,
      "total_parameter_updates": 1470233250
    }
  ]
}