{
  "timestamp": "2026-03-17T22:02:27.813020",
  "config": {
    "max_length": 256,
    "cv_k": 5,
    "cv_seed": 7,
    "eval_strategy": "epoch",
    "save_strategy": "epoch",
    "load_best_model_at_end": true,
    "metric_for_best_model": "macro_f1",
    "greater_is_better": true,
    "early_stopping_patience": 3,
    "fp16": true,
    "seed": 42,
    "report_to": "none",
    "optim": "adamw_torch_fused",
    "learning_rate": 0.005,
    "per_device_train_batch_size": 8,
    "weight_decay": 0.0,
    "warmup_ratio": 0.05638483428904486,
    "num_train_epochs": 15,
    "model_name": "microsoft/BiomedNLP-PubMedBERT-base-uncased-abstract-fulltext",
    "finetune_method": "frozen",
    "output_dir": "results/pubmedbert_frozen"
  },
  "cv_summary": {
    "mean_macro_f1": 0.41301320455709245,
    "std_macro_f1": 0.03011867801932956,
    "per_fold_f1": [
      0.39615493355951364,
      0.3868787878787879,
      0.395310299113431,
      0.416780045351474,
      0.4699419568822554
    ]
  },
  "fold_results": [
    {
      "fold": 0,
      "macro_f1": 0.39615493355951364,
      "eval_loss": 1.0766984224319458,
      "classification_report": {
        "downplays": {
          "precision": 0.2962962962962963,
          "recall": 0.4444444444444444,
          "f1-score": 0.35555555555555557,
          "support": 18.0
        },
        "same": {
          "precision": 0.6060606060606061,
          "recall": 0.6153846153846154,
          "f1-score": 0.6106870229007634,
          "support": 65.0
        },
        "exaggerates": {
          "precision": 0.3076923076923077,
          "recall": 0.17391304347826086,
          "f1-score": 0.2222222222222222,
          "support": 23.0
        },
        "accuracy": 0.49056603773584906,
        "macro avg": {
          "precision": 0.40334973668307006,
          "recall": 0.4112473677691069,
          "f1-score": 0.39615493355951364,
          "support": 106.0
        },
        "weighted avg": {
          "precision": 0.48871882834146996,
          "recall": 0.49056603773584906,
          "f1-score": 0.4830732792420824,
          "support": 106.0
        }
      },
      "total_params": 109484547,
      "trainable_params": 2307,
      "peak_gpu_memory_mb": 763.8,
      "total_training_steps": 371,
      "epochs_completed": 7.0,
      "total_parameter_updates": 855897
    },
    {
      "fold": 1,
      "macro_f1": 0.3868787878787879,
      "eval_loss": 1.0948498249053955,
      "classification_report": {
        "downplays": {
          "precision": 0.2702702702702703,
          "recall": 0.5555555555555556,
          "f1-score": 0.36363636363636365,
          "support": 18.0
        },
        "same": {
          "precision": 0.7,
          "recall": 0.6461538461538462,
          "f1-score": 0.672,
          "support": 65.0
        },
        "exaggerates": {
          "precision": 0.2222222222222222,
          "recall": 0.08695652173913043,
          "f1-score": 0.125,
          "support": 23.0
        },
        "accuracy": 0.5094339622641509,
        "macro avg": {
          "precision": 0.39749749749749747,
          "recall": 0.4295553078161774,
          "f1-score": 0.3868787878787879,
          "support": 106.0
        },
        "weighted avg": {
          "precision": 0.5233582639243016,
          "recall": 0.5094339622641509,
          "f1-score": 0.5009476843910806,
          "support": 106.0
        }
      },
      "total_params": 109484547,
      "trainable_params": 2307,
      "peak_gpu_memory_mb": 1182.8,
      "total_training_steps": 318,
      "epochs_completed": 6.0,
      "total_parameter_updates": 733626
    },
    {
      "fold": 2,
      "macro_f1": 0.395310299113431,
      "eval_loss": 0.9358094334602356,
      "classification_report": {
        "downplays": {
          "precision": 0.3333333333333333,
          "recall": 0.3333333333333333,
          "f1-score": 0.3333333333333333,
          "support": 18.0
        },
        "same": {
          "precision": 0.6904761904761905,
          "recall": 0.8923076923076924,
          "f1-score": 0.7785234899328859,
          "support": 65.0
        },
        "exaggerates": {
          "precision": 0.25,
          "recall": 0.043478260869565216,
          "f1-score": 0.07407407407407407,
          "support": 23.0
        },
        "accuracy": 0.6132075471698113,
        "macro avg": {
          "precision": 0.4246031746031746,
          "recall": 0.42303976217019695,
          "f1-score": 0.395310299113431,
          "support": 106.0
        },
        "weighted avg": {
          "precision": 0.5342542677448338,
          "recall": 0.6132075471698113,
          "f1-score": 0.5500729297107668,
          "support": 106.0
        }
      },
      "total_params": 109484547,
      "trainable_params": 2307,
      "peak_gpu_memory_mb": 1603.8,
      "total_training_steps": 318,
      "epochs_completed": 6.0,
      "total_parameter_updates": 733626
    },
    {
      "fold": 3,
      "macro_f1": 0.416780045351474,
      "eval_loss": 1.0148614645004272,
      "classification_report": {
        "downplays": {
          "precision": 0.25,
          "recall": 0.16666666666666666,
          "f1-score": 0.2,
          "support": 18.0
        },
        "same": {
          "precision": 0.6341463414634146,
          "recall": 0.8,
          "f1-score": 0.7074829931972789,
          "support": 65.0
        },
        "exaggerates": {
          "precision": 0.5,
          "recall": 0.2608695652173913,
          "f1-score": 0.34285714285714286,
          "support": 23.0
        },
        "accuracy": 0.5754716981132075,
        "macro avg": {
          "precision": 0.46138211382113825,
          "recall": 0.4091787439613526,
          "f1-score": 0.416780045351474,
          "support": 106.0
        },
        "weighted avg": {
          "precision": 0.5398067188219052,
          "recall": 0.5754716981132075,
          "f1-score": 0.5421897060711077,
          "support": 106.0
        }
      },
      "total_params": 109484547,
      "trainable_params": 2307,
      "peak_gpu_memory_mb": 1696.3,
      "total_training_steps": 742,
      "epochs_completed": 14.0,
      "total_parameter_updates": 1711794
    },
    {
      "fold": 4,
      "macro_f1": 0.4699419568822554,
      "eval_loss": 0.9568458199501038,
      "classification_report": {
        "downplays": {
          "precision": 0.4166666666666667,
          "recall": 0.2777777777777778,
          "f1-score": 0.3333333333333333,
          "support": 18.0
        },
        "same": {
          "precision": 0.6811594202898551,
          "recall": 0.7230769230769231,
          "f1-score": 0.7014925373134329,
          "support": 65.0
        },
        "exaggerates": {
          "precision": 0.36,
          "recall": 0.391304347826087,
          "f1-score": 0.375,
          "support": 23.0
        },
        "accuracy": 0.5754716981132075,
        "macro avg": {
          "precision": 0.48594202898550726,
          "recall": 0.46405301622692924,
          "f1-score": 0.4699419568822554,
          "support": 106.0
        },
        "weighted avg": {
          "precision": 0.5665600218758545,
          "recall": 0.5754716981132075,
          "f1-score": 0.5681322162771051,
          "support": 106.0
        }
      },
      "total_params": 109484547,
      "trainable_params": 2307,
      "peak_gpu_memory_mb": 1695.5,
      "total_training_steps": 424,
      "epochs_completed": 8.0,
      "total_parameter_updates": 978168
    }
  ]
}