{
  "timestamp": "2026-03-10T09:07:10.946885",
  "config": {
    "max_length": 256,
    "cv_k": 5,
    "cv_seed": 7,
    "eval_strategy": "epoch",
    "save_strategy": "epoch",
    "load_best_model_at_end": true,
    "metric_for_best_model": "macro_f1",
    "greater_is_better": true,
    "early_stopping_patience": 3,
    "fp16": true,
    "seed": 42,
    "report_to": "none",
    "optim": "adamw_torch_fused",
    "learning_rate": 2.601816814673036e-05,
    "per_device_train_batch_size": 8,
    "weight_decay": 0.01603254157402771,
    "warmup_ratio": 0.05638483428904486,
    "num_train_epochs": 30,
    "model_name": "microsoft/BiomedNLP-PubMedBERT-base-uncased-abstract",
    "finetune_method": "full",
    "output_dir": "results/pubmedbert-full"
  },
  "cv_summary": {
    "mean_macro_f1": 0.5019558090758606,
    "std_macro_f1": 0.026822082378852048,
    "per_fold_f1": [
      0.5236588795154661,
      0.4977228884513652,
      0.5235267783511227,
      0.45176956490778325,
      0.5131009341535657
    ]
  },
  "fold_results": [
    {
      "fold": 0,
      "macro_f1": 0.5236588795154661,
      "eval_loss": 2.3814096450805664,
      "classification_report": {
        "downplays": {
          "precision": 0.42857142857142855,
          "recall": 0.3333333333333333,
          "f1-score": 0.375,
          "support": 18.0
        },
        "same": {
          "precision": 0.7391304347826086,
          "recall": 0.7846153846153846,
          "f1-score": 0.7611940298507462,
          "support": 65.0
        },
        "exaggerates": {
          "precision": 0.43478260869565216,
          "recall": 0.43478260869565216,
          "f1-score": 0.43478260869565216,
          "support": 23.0
        },
        "accuracy": 0.6320754716981132,
        "macro avg": {
          "precision": 0.5341614906832298,
          "recall": 0.5175771088814567,
          "f1-score": 0.5236588795154661,
          "support": 106.0
        },
        "weighted avg": {
          "precision": 0.6203562639165593,
          "recall": 0.6320754716981132,
          "f1-score": 0.6247887918896087,
          "support": 106.0
        }
      }
    },
    {
      "fold": 1,
      "macro_f1": 0.4977228884513652,
      "eval_loss": 1.5221203565597534,
      "classification_report": {
        "downplays": {
          "precision": 0.6666666666666666,
          "recall": 0.2222222222222222,
          "f1-score": 0.3333333333333333,
          "support": 18.0
        },
        "same": {
          "precision": 0.686046511627907,
          "recall": 0.9076923076923077,
          "f1-score": 0.7814569536423841,
          "support": 65.0
        },
        "exaggerates": {
          "precision": 0.5,
          "recall": 0.30434782608695654,
          "f1-score": 0.3783783783783784,
          "support": 23.0
        },
        "accuracy": 0.660377358490566,
        "macro avg": {
          "precision": 0.6175710594315246,
          "recall": 0.47808745200049546,
          "f1-score": 0.4977228884513652,
          "support": 106.0
        },
        "weighted avg": {
          "precision": 0.6423870118473015,
          "recall": 0.660377358490566,
          "f1-score": 0.6179000442401666,
          "support": 106.0
        }
      }
    },
    {
      "fold": 2,
      "macro_f1": 0.5235267783511227,
      "eval_loss": 2.1289470195770264,
      "classification_report": {
        "downplays": {
          "precision": 0.6,
          "recall": 0.3333333333333333,
          "f1-score": 0.42857142857142855,
          "support": 18.0
        },
        "same": {
          "precision": 0.6710526315789473,
          "recall": 0.7846153846153846,
          "f1-score": 0.723404255319149,
          "support": 65.0
        },
        "exaggerates": {
          "precision": 0.45,
          "recall": 0.391304347826087,
          "f1-score": 0.4186046511627907,
          "support": 23.0
        },
        "accuracy": 0.6226415094339622,
        "macro avg": {
          "precision": 0.5736842105263158,
          "recall": 0.5030843552582683,
          "f1-score": 0.5235267783511227,
          "support": 106.0
        },
        "weighted avg": {
          "precision": 0.6110228401191657,
          "recall": 0.6226415094339622,
          "f1-score": 0.6072025404412698,
          "support": 106.0
        }
      }
    },
    {
      "fold": 3,
      "macro_f1": 0.45176956490778325,
      "eval_loss": 2.1765711307525635,
      "classification_report": {
        "downplays": {
          "precision": 0.46153846153846156,
          "recall": 0.3333333333333333,
          "f1-score": 0.3870967741935484,
          "support": 18.0
        },
        "same": {
          "precision": 0.6744186046511628,
          "recall": 0.8923076923076924,
          "f1-score": 0.7682119205298014,
          "support": 65.0
        },
        "exaggerates": {
          "precision": 0.42857142857142855,
          "recall": 0.13043478260869565,
          "f1-score": 0.2,
          "support": 23.0
        },
        "accuracy": 0.6320754716981132,
        "macro avg": {
          "precision": 0.5215094982536843,
          "recall": 0.4520252694165738,
          "f1-score": 0.45176956490778325,
          "support": 106.0
        },
        "weighted avg": {
          "precision": 0.5849249478034032,
          "recall": 0.6320754716981132,
          "f1-score": 0.5802029883954808,
          "support": 106.0
        }
      }
    },
    {
      "fold": 4,
      "macro_f1": 0.5131009341535657,
      "eval_loss": 1.7046923637390137,
      "classification_report": {
        "downplays": {
          "precision": 0.5,
          "recall": 0.5555555555555556,
          "f1-score": 0.5263157894736842,
          "support": 18.0
        },
        "same": {
          "precision": 0.7164179104477612,
          "recall": 0.7384615384615385,
          "f1-score": 0.7272727272727273,
          "support": 65.0
        },
        "exaggerates": {
          "precision": 0.3157894736842105,
          "recall": 0.2608695652173913,
          "f1-score": 0.2857142857142857,
          "support": 23.0
        },
        "accuracy": 0.6037735849056604,
        "macro avg": {
          "precision": 0.5107357947106572,
          "recall": 0.5182955530781618,
          "f1-score": 0.5131009341535657,
          "support": 106.0
        },
        "weighted avg": {
          "precision": 0.592738887489069,
          "recall": 0.6037735849056604,
          "f1-score": 0.5973381137234166,
          "support": 106.0
        }
      }
    }
  ],
  "test_results": {
    "macro_f1": 0.40829346092503993,
    "classification_report": {
      "downplays": {
        "precision": 0.3,
        "recall": 0.13043478260869565,
        "f1-score": 0.18181818181818182,
        "support": 23.0
      },
      "same": {
        "precision": 0.6736842105263158,
        "recall": 0.7901234567901234,
        "f1-score": 0.7272727272727273,
        "support": 81.0
      },
      "exaggerates": {
        "precision": 0.32142857142857145,
        "recall": 0.3103448275862069,
        "f1-score": 0.3157894736842105,
        "support": 29.0
      },
      "accuracy": 0.5714285714285714,
      "macro avg": {
        "precision": 0.43170426065162903,
        "recall": 0.41030102232834204,
        "f1-score": 0.40829346092503993,
        "support": 133.0
      },
      "weighted avg": {
        "precision": 0.5322545084515801,
        "recall": 0.5714285714285714,
        "f1-score": 0.5432240889304601,
        "support": 133.0
      }
    }
  }
}