{
  "timestamp": "2026-03-10T14:16:11.520494",
  "config": {
    "max_length": 256,
    "cv_k": 5,
    "cv_seed": 7,
    "eval_strategy": "epoch",
    "save_strategy": "epoch",
    "load_best_model_at_end": true,
    "metric_for_best_model": "macro_f1",
    "greater_is_better": true,
    "early_stopping_patience": 3,
    "fp16": true,
    "seed": 42,
    "report_to": "none",
    "optim": "adamw_torch_fused",
    "learning_rate": 2.601816814673036e-05,
    "per_device_train_batch_size": 8,
    "weight_decay": 0.01603254157402771,
    "warmup_ratio": 0.05638483428904486,
    "num_train_epochs": 30,
    "model_name": "microsoft/BiomedNLP-PubMedBERT-base-uncased-abstract",
    "finetune_method": "full",
    "output_dir": "results/pubmedbert-full"
  },
  "cv_summary": {
    "mean_macro_f1": 0.47278071678494304,
    "std_macro_f1": 0.03707640889655387,
    "per_fold_f1": [
      0.5447798596653558,
      0.44032314717246224,
      0.46014109347442683,
      0.45176956490778325,
      0.46688991870468716
    ]
  },
  "fold_results": [
    {
      "fold": 0,
      "macro_f1": 0.5447798596653558,
      "eval_loss": 1.121140956878662,
      "classification_report": {
        "downplays": {
          "precision": 0.5333333333333333,
          "recall": 0.4444444444444444,
          "f1-score": 0.48484848484848486,
          "support": 18.0
        },
        "same": {
          "precision": 0.7272727272727273,
          "recall": 0.7384615384615385,
          "f1-score": 0.732824427480916,
          "support": 65.0
        },
        "exaggerates": {
          "precision": 0.4,
          "recall": 0.43478260869565216,
          "f1-score": 0.4166666666666667,
          "support": 23.0
        },
        "accuracy": 0.6226415094339622,
        "macro avg": {
          "precision": 0.5535353535353535,
          "recall": 0.5392295305338783,
          "f1-score": 0.5447798596653558,
          "support": 106.0
        },
        "weighted avg": {
          "precision": 0.623327615780446,
          "recall": 0.6226415094339622,
          "f1-score": 0.6221150362911849,
          "support": 106.0
        }
      },
      "total_params": 109484547,
      "trainable_params": 109484547,
      "peak_gpu_memory_mb": 2301.8
    },
    {
      "fold": 1,
      "macro_f1": 0.44032314717246224,
      "eval_loss": 1.307108998298645,
      "classification_report": {
        "downplays": {
          "precision": 0.25,
          "recall": 0.1111111111111111,
          "f1-score": 0.15384615384615385,
          "support": 18.0
        },
        "same": {
          "precision": 0.691358024691358,
          "recall": 0.8615384615384616,
          "f1-score": 0.7671232876712328,
          "support": 65.0
        },
        "exaggerates": {
          "precision": 0.47058823529411764,
          "recall": 0.34782608695652173,
          "f1-score": 0.4,
          "support": 23.0
        },
        "accuracy": 0.6226415094339622,
        "macro avg": {
          "precision": 0.47064875332849193,
          "recall": 0.4401585532020315,
          "f1-score": 0.44032314717246224,
          "support": 106.0
        },
        "weighted avg": {
          "precision": 0.5685075567613488,
          "recall": 0.6226415094339622,
          "f1-score": 0.5833230610175557,
          "support": 106.0
        }
      },
      "total_params": 109484547,
      "trainable_params": 109484547,
      "peak_gpu_memory_mb": 3579.7
    },
    {
      "fold": 2,
      "macro_f1": 0.46014109347442683,
      "eval_loss": 2.1245648860931396,
      "classification_report": {
        "downplays": {
          "precision": 0.4444444444444444,
          "recall": 0.2222222222222222,
          "f1-score": 0.2962962962962963,
          "support": 18.0
        },
        "same": {
          "precision": 0.68,
          "recall": 0.7846153846153846,
          "f1-score": 0.7285714285714285,
          "support": 65.0
        },
        "exaggerates": {
          "precision": 0.36363636363636365,
          "recall": 0.34782608695652173,
          "f1-score": 0.35555555555555557,
          "support": 23.0
        },
        "accuracy": 0.5943396226415094,
        "macro avg": {
          "precision": 0.49602693602693604,
          "recall": 0.45155456459804283,
          "f1-score": 0.46014109347442683,
          "support": 106.0
        },
        "weighted avg": {
          "precision": 0.5713550600343054,
          "recall": 0.5943396226415094,
          "f1-score": 0.5742288110212639,
          "support": 106.0
        }
      },
      "total_params": 109484547,
      "trainable_params": 109484547,
      "peak_gpu_memory_mb": 4865.2
    },
    {
      "fold": 3,
      "macro_f1": 0.45176956490778325,
      "eval_loss": 2.1765711307525635,
      "classification_report": {
        "downplays": {
          "precision": 0.46153846153846156,
          "recall": 0.3333333333333333,
          "f1-score": 0.3870967741935484,
          "support": 18.0
        },
        "same": {
          "precision": 0.6744186046511628,
          "recall": 0.8923076923076924,
          "f1-score": 0.7682119205298014,
          "support": 65.0
        },
        "exaggerates": {
          "precision": 0.42857142857142855,
          "recall": 0.13043478260869565,
          "f1-score": 0.2,
          "support": 23.0
        },
        "accuracy": 0.6320754716981132,
        "macro avg": {
          "precision": 0.5215094982536843,
          "recall": 0.4520252694165738,
          "f1-score": 0.45176956490778325,
          "support": 106.0
        },
        "weighted avg": {
          "precision": 0.5849249478034032,
          "recall": 0.6320754716981132,
          "f1-score": 0.5802029883954808,
          "support": 106.0
        }
      },
      "total_params": 109484547,
      "trainable_params": 109484547,
      "peak_gpu_memory_mb": 4877.4
    },
    {
      "fold": 4,
      "macro_f1": 0.46688991870468716,
      "eval_loss": 0.912338137626648,
      "classification_report": {
        "downplays": {
          "precision": 0.375,
          "recall": 0.3333333333333333,
          "f1-score": 0.35294117647058826,
          "support": 18.0
        },
        "same": {
          "precision": 0.6710526315789473,
          "recall": 0.7846153846153846,
          "f1-score": 0.723404255319149,
          "support": 65.0
        },
        "exaggerates": {
          "precision": 0.42857142857142855,
          "recall": 0.2608695652173913,
          "f1-score": 0.32432432432432434,
          "support": 23.0
        },
        "accuracy": 0.5943396226415094,
        "macro avg": {
          "precision": 0.49154135338345867,
          "recall": 0.4596060943887031,
          "f1-score": 0.46688991870468716,
          "support": 106.0
        },
        "weighted avg": {
          "precision": 0.5681656972620229,
          "recall": 0.5943396226415094,
          "f1-score": 0.5739026153931578,
          "support": 106.0
        }
      },
      "total_params": 109484547,
      "trainable_params": 109484547,
      "peak_gpu_memory_mb": 4866.2
    }
  ],
  "test_results": {
    "macro_f1": 0.4992246831256119,
    "classification_report": {
      "downplays": {
        "precision": 0.4375,
        "recall": 0.30434782608695654,
        "f1-score": 0.358974358974359,
        "support": 23.0
      },
      "same": {
        "precision": 0.6853932584269663,
        "recall": 0.7530864197530864,
        "f1-score": 0.7176470588235294,
        "support": 81.0
      },
      "exaggerates": {
        "precision": 0.42857142857142855,
        "recall": 0.41379310344827586,
        "f1-score": 0.42105263157894735,
        "support": 29.0
      },
      "accuracy": 0.6015037593984962,
      "macro avg": {
        "precision": 0.5171548956661317,
        "recall": 0.4904091164294396,
        "f1-score": 0.4992246831256119,
        "support": 133.0
      },
      "weighted avg": {
        "precision": 0.5865257545951557,
        "recall": 0.6015037593984962,