{
  "timestamp": "2026-03-10T15:34:42.152041",
  "config": {
    "max_length": 256,
    "cv_k": 5,
    "cv_seed": 7,
    "eval_strategy": "epoch",
    "save_strategy": "epoch",
    "load_best_model_at_end": true,
    "metric_for_best_model": "macro_f1",
    "greater_is_better": true,
    "early_stopping_patience": 3,
    "fp16": true,
    "seed": 42,
    "report_to": "none",
    "optim": "adamw_torch_fused",
    "learning_rate": 2.601816814673036e-05,
    "per_device_train_batch_size": 8,
    "weight_decay": 0.01603254157402771,
    "warmup_ratio": 0.05638483428904486,
    "num_train_epochs": 30,
    "model_name": "roberta-base",
    "finetune_method": "full",
    "output_dir": "results/roberta-full"
  },
  "cv_summary": {
    "mean_macro_f1": 0.5029126553200272,
    "std_macro_f1": 0.024838094519042758,
    "per_fold_f1": [
      0.5414463274288055,
      0.4869513527408264,
      0.5065359477124183,
      0.5120500782472613,
      0.4675795704708244
    ]
  },
  "fold_results": [
    {
      "fold": 0,
      "macro_f1": 0.5414463274288055,
      "eval_loss": 1.489169955253601,
      "classification_report": {
        "downplays": {
          "precision": 0.42105263157894735,
          "recall": 0.4444444444444444,
          "f1-score": 0.43243243243243246,
          "support": 18.0
        },
        "same": {
          "precision": 0.7236842105263158,
          "recall": 0.8461538461538461,
          "f1-score": 0.7801418439716312,
          "support": 65.0
        },
        "exaggerates": {
          "precision": 0.6363636363636364,
          "recall": 0.30434782608695654,
          "f1-score": 0.4117647058823529,
          "support": 23.0
        },
        "accuracy": 0.660377358490566,
        "macro avg": {
          "precision": 0.5937001594896332,
          "recall": 0.531648705561749,
          "f1-score": 0.5414463274288055,
          "support": 106.0
        },
        "weighted avg": {
          "precision": 0.6533470253678794,
          "recall": 0.660377358490566,
          "f1-score": 0.6411659611059806,
          "support": 106.0
        }
      },
      "total_params": 124647939,
      "trainable_params": 124647939,
      "peak_gpu_memory_mb": 2475.9,
      "total_training_steps": 530,
      "epochs_completed": 10.0,
      "total_parameter_updates": 66063407670
    },
    {
      "fold": 1,
      "macro_f1": 0.4869513527408264,
      "eval_loss": 1.4001200199127197,
      "classification_report": {
        "downplays": {
          "precision": 0.3333333333333333,
          "recall": 0.3888888888888889,
          "f1-score": 0.358974358974359,
          "support": 18.0
        },
        "same": {
          "precision": 0.7352941176470589,
          "recall": 0.7692307692307693,
          "f1-score": 0.7518796992481203,
          "support": 65.0
        },
        "exaggerates": {
          "precision": 0.4117647058823529,
          "recall": 0.30434782608695654,
          "f1-score": 0.35,
          "support": 23.0
        },
        "accuracy": 0.6037735849056604,
        "macro avg": {
          "precision": 0.4934640522875817,
          "recall": 0.48748916140220494,
          "f1-score": 0.4869513527408264,
          "support": 106.0
        },
        "weighted avg": {
          "precision": 0.5968368479467259,
          "recall": 0.6037735849056604,
          "f1-score": 0.5979596123836441,
          "support": 106.0
        }
      },
      "total_params": 124647939,
      "trainable_params": 124647939,
      "peak_gpu_memory_mb": 3930.2,
      "total_training_steps": 530,
      "epochs_completed": 10.0,
      "total_parameter_updates": 66063407670
    },
    {
      "fold": 2,
      "macro_f1": 0.5065359477124183,
      "eval_loss": 1.1395885944366455,
      "classification_report": {
        "downplays": {
          "precision": 0.375,
          "recall": 0.3333333333333333,
          "f1-score": 0.35294117647058826,
          "support": 18.0
        },
        "same": {
          "precision": 0.7755102040816326,
          "recall": 0.5846153846153846,
          "f1-score": 0.6666666666666666,
          "support": 65.0
        },
        "exaggerates": {
          "precision": 0.3902439024390244,
          "recall": 0.6956521739130435,
          "f1-score": 0.5,
          "support": 23.0
        },
        "accuracy": 0.5660377358490566,
        "macro avg": {
          "precision": 0.5135847021735523,
          "recall": 0.5378669639539205,
          "f1-score": 0.5065359477124183,
          "support": 106.0
        },
        "weighted avg": {
          "precision": 0.6239035190698461,
          "recall": 0.5660377358490566,
          "f1-score": 0.5772290048094709,
          "support": 106.0
        }
      },
      "total_params": 124647939,
      "trainable_params": 124647939,
      "peak_gpu_memory_mb": 5380.2,
      "total_training_steps": 424,
      "epochs_completed": 8.0,
      "total_parameter_updates": 52850726136
    },
    {
      "fold": 3,
      "macro_f1": 0.5120500782472613,
      "eval_loss": 2.366133451461792,
      "classification_report": {
        "downplays": {
          "precision": 0.4166666666666667,
          "recall": 0.2777777777777778,
          "f1-score": 0.3333333333333333,
          "support": 18.0
        },
        "same": {
          "precision": 0.7402597402597403,
          "recall": 0.8769230769230769,
          "f1-score": 0.8028169014084507,
          "support": 65.0
        },
        "exaggerates": {
          "precision": 0.47058823529411764,
          "recall": 0.34782608695652173,
          "f1-score": 0.4,
          "support": 23.0
        },
        "accuracy": 0.660377358490566,
        "macro avg": {
          "precision": 0.5425048807401748,
          "recall": 0.5008423138857921,
          "f1-score": 0.5120500782472613,
          "support": 106.0
        },
        "weighted avg": {
          "precision": 0.6267963446098852,
          "recall": 0.660377358490566,
          "f1-score": 0.6356896093542387,
          "support": 106.0
        }
      },
      "total_params": 124647939,
      "trainable_params": 124647939,
      "peak_gpu_memory_mb": 5380.3,
      "total_training_steps": 689,
      "epochs_completed": 13.0,
      "total_parameter_updates": 85882429971
    },
    {
      "fold": 4,
      "macro_f1": 0.4675795704708244,
      "eval_loss": 1.6354668140411377,
      "classification_report": {
        "downplays": {
          "precision": 0.3448275862068966,
          "recall": 0.5555555555555556,
          "f1-score": 0.425531914893617,
          "support": 18.0
        },
        "same": {
          "precision": 0.6774193548387096,
          "recall": 0.6461538461538462,
          "f1-score": 0.6614173228346457,
          "support": 65.0
        },
        "exaggerates": {
          "precision": 0.4,
          "recall": 0.2608695652173913,
          "f1-score": 0.3157894736842105,
          "support": 23.0
        },
        "accuracy": 0.5471698113207547,
        "macro avg": {
          "precision": 0.47408231368186876,
          "recall": 0.48752632230893106,
          "f1-score": 0.4675795704708244,
          "support": 106.0
        },
        "weighted avg": {
          "precision": 0.560746741662644,
          "recall": 0.5471698113207547,
          "f1-score": 0.5463665881799427,
          "support": 106.0
        }
      },
      "total_params": 124647939,
      "trainable_params": 124647939,
      "peak_gpu_memory_mb": 5384.5,
      "total_training_steps": 530,
      "epochs_completed": 10.0,
      "total_parameter_updates": 66063407670
    }
  ],
  "test_results": {
    "macro_f1": 0.5135339067923337,
    "classification_report": {
      "downplays": {
        "precision": 0.5384615384615384,
        "recall": 0.6086956521739131,
        "f1-score": 0.5714285714285714,
        "support": 23.0
      },
      "same": {
        "precision": 0.7010309278350515,
        "recall": 0.8395061728395061,
        "f1-score": 0.7640449438202247,