{
  "timestamp": "2026-03-10T14:09:43.612978",
  "config": {
    "max_length": 256,
    "cv_k": 5,
    "cv_seed": 7,
    "eval_strategy": "epoch",
    "save_strategy": "epoch",
    "load_best_model_at_end": true,
    "metric_for_best_model": "macro_f1",
    "greater_is_better": true,
    "early_stopping_patience": 3,
    "fp16": true,
    "seed": 42,
    "report_to": "none",
    "optim": "adamw_torch_fused",
    "learning_rate": 2.601816814673036e-05,
    "per_device_train_batch_size": 8,
    "weight_decay": 0.01603254157402771,
    "warmup_ratio": 0.05638483428904486,
    "num_train_epochs": 30,
    "model_name": "roberta-base",
    "finetune_method": "full",
    "output_dir": "results/roberta-full"
  },
  "cv_summary": {
    "mean_macro_f1": 0.4586484251195994,
    "std_macro_f1": 0.1054579004053485,
    "per_fold_f1": [
      0.253411306042885,
      0.5398422854988533,
      0.5065359477124183,
      0.5258730158730159,
      0.4675795704708244
    ]
  },
  "fold_results": [
    {
      "fold": 0,
      "macro_f1": 0.253411306042885,
      "eval_loss": 0.9335707426071167,
      "classification_report": {
        "downplays": {
          "precision": 0.0,
          "recall": 0.0,
          "f1-score": 0.0,
          "support": 18.0
        },
        "same": {
          "precision": 0.6132075471698113,
          "recall": 1.0,
          "f1-score": 0.7602339181286549,
          "support": 65.0
        },
        "exaggerates": {
          "precision": 0.0,
          "recall": 0.0,
          "f1-score": 0.0,
          "support": 23.0
        },
        "accuracy": 0.6132075471698113,
        "macro avg": {
          "precision": 0.20440251572327042,
          "recall": 0.3333333333333333,
          "f1-score": 0.253411306042885,
          "support": 106.0
        },
        "weighted avg": {
          "precision": 0.3760234959060164,
          "recall": 0.6132075471698113,
          "f1-score": 0.46618117621096766,
          "support": 106.0
        }
      },
      "total_params": 124647939,
      "trainable_params": 124647939,
      "peak_gpu_memory_mb": 2475.9
    },
    {
      "fold": 1,
      "macro_f1": 0.5398422854988533,
      "eval_loss": 1.018770456314087,
      "classification_report": {
        "downplays": {
          "precision": 0.4375,
          "recall": 0.3888888888888889,
          "f1-score": 0.4117647058823529,
          "support": 18.0
        },
        "same": {
          "precision": 0.7777777777777778,
          "recall": 0.8615384615384616,
          "f1-score": 0.8175182481751825,
          "support": 65.0
        },
        "exaggerates": {
          "precision": 0.4444444444444444,
          "recall": 0.34782608695652173,
          "f1-score": 0.3902439024390244,
          "support": 23.0
        },
        "accuracy": 0.6698113207547169,
        "macro avg": {
          "precision": 0.5532407407407407,
          "recall": 0.532751145794624,
          "f1-score": 0.5398422854988533,
          "support": 106.0
        },
        "weighted avg": {
          "precision": 0.647667714884696,
          "recall": 0.6698113207547169,
          "f1-score": 0.6559062320128941,
          "support": 106.0
        }
      },
      "total_params": 124647939,
      "trainable_params": 124647939,
      "peak_gpu_memory_mb": 3930.2
    },
    {
      "fold": 2,
      "macro_f1": 0.5065359477124183,
      "eval_loss": 1.1395885944366455,
      "classification_report": {
        "downplays": {
          "precision": 0.375,
          "recall": 0.3333333333333333,
          "f1-score": 0.35294117647058826,
          "support": 18.0
        },
        "same": {
          "precision": 0.7755102040816326,
          "recall": 0.5846153846153846,
          "f1-score": 0.6666666666666666,
          "support": 65.0
        },
        "exaggerates": {
          "precision": 0.3902439024390244,
          "recall": 0.6956521739130435,
          "f1-score": 0.5,
          "support": 23.0
        },
        "accuracy": 0.5660377358490566,
        "macro avg": {
          "precision": 0.5135847021735523,
          "recall": 0.5378669639539205,
          "f1-score": 0.5065359477124183,
          "support": 106.0
        },
        "weighted avg": {
          "precision": 0.6239035190698461,
          "recall": 0.5660377358490566,
          "f1-score": 0.5772290048094709,
          "support": 106.0
        }
      },
      "total_params": 124647939,
      "trainable_params": 124647939,
      "peak_gpu_memory_mb": 3938.2
    },
    {
      "fold": 3,
      "macro_f1": 0.5258730158730159,
      "eval_loss": 2.3220467567443848,
      "classification_report": {
        "downplays": {
          "precision": 0.3333333333333333,
          "recall": 0.4444444444444444,
          "f1-score": 0.38095238095238093,
          "support": 18.0
        },
        "same": {
          "precision": 0.7818181818181819,
          "recall": 0.6615384615384615,
          "f1-score": 0.7166666666666667,
          "support": 65.0
        },
        "exaggerates": {
          "precision": 0.4444444444444444,
          "recall": 0.5217391304347826,
          "f1-score": 0.48,
          "support": 23.0
        },
        "accuracy": 0.5943396226415094,
        "macro avg": {
          "precision": 0.5198653198653199,
          "recall": 0.5425740121392296,
          "f1-score": 0.5258730158730159,
          "support": 106.0
        },
        "weighted avg": {
          "precision": 0.6324566418906041,
          "recall": 0.5943396226415094,
          "f1-score": 0.6083063791554358,
          "support": 106.0
        }
      },
      "total_params": 124647939,
      "trainable_params": 124647939,
      "peak_gpu_memory_mb": 5403.7
    },
    {
      "fold": 4,
      "macro_f1": 0.4675795704708244,
      "eval_loss": 1.6354668140411377,
      "classification_report": {
        "downplays": {
          "precision": 0.3448275862068966,
          "recall": 0.5555555555555556,
          "f1-score": 0.425531914893617,
          "support": 18.0
        },
        "same": {
          "precision": 0.6774193548387096,
          "recall": 0.6461538461538462,
          "f1-score": 0.6614173228346457,
          "support": 65.0
        },
        "exaggerates": {
          "precision": 0.4,
          "recall": 0.2608695652173913,
          "f1-score": 0.3157894736842105,
          "support": 23.0
        },
        "accuracy": 0.5471698113207547,
        "macro avg": {
          "precision": 0.47408231368186876,
          "recall": 0.48752632230893106,
          "f1-score": 0.4675795704708244,
          "support": 106.0
        },
        "weighted avg": {
          "precision": 0.560746741662644,
          "recall": 0.5471698113207547,
          "f1-score": 0.5463665881799427,
          "support": 106.0
        }
      },
      "total_params": 124647939,
      "trainable_params": 124647939,
      "peak_gpu_memory_mb": 5411.7
    }
  ],
  "test_results": {
    "macro_f1": 0.4408368448288608,
    "classification_report": {
      "downplays": {
        "precision": 0.36363636363636365,
        "recall": 0.34782608695652173,
        "f1-score": 0.35555555555555557,
        "support": 23.0
      },
      "same": {
        "precision": 0.6511627906976745,
        "recall": 0.691358024691358,
        "f1-score": 0.6706586826347305,
        "support": 81.0
      },
      "exaggerates": {
        "precision": 0.32,
        "recall": 0.27586206896551724,
        "f1-score": 0.2962962962962963,
        "support": 29.0
      },
      "accuracy": 0.5413533834586466,
      "macro avg": {
        "precision": 0.4449330514446794,
        "recall": 0.4383487268711323,
        "f1-score": 0.4408368448288608,
        "support": 133.0
      },
      "weighted avg": {
        "precision": 0.5292317474447217,
        "recall": 0.5413533834586466,
        "f1-score": 0.5345392756675453,
        "support": 133.0
      }
    }
  }
}